contig_name,length,prop_gc,gc_skew,at_skew,cpg_count,cpg_ratio,orf_length,linguistic_complexity_6,in_bridges,p_good,p_bases_covered,p_seq_true,score,p_not_segmented,eff_length,eff_count,tpm,coverage
scaffold1,404,0.455446,0.032609,0.103093,53,2.369486,99,0.080322,0,0.705882,1.0,0.924138,0.635426,0.974082,404,16.9689,4759.49,72.96
scaffold2,471,0.596603,-0.124555,0.232877,86,1.889575,157,0.0896,0,0.764706,0.951168,0.923502,0.659218,0.981386,471,16.9689,4082.45,62.58
scaffold3,731,0.53762,0.038168,0.149351,104,1.89086,184,0.139893,0,0.83871,0.998632,0.937438,0.734134,0.935009,731,30.935,4795.37,73.51
C1053,100,0.44,0.772727,-0.678571,5,2.564103,33,0.014648,0,0,1.0,1,0.01,0.997424,100,1.00756,1141.72,17.5
C1055,100,0.37,-0.081081,-0.079365,7,2.058824,33,0.022705,0,0,1.0,1,0.01,0.997424,100,1.00756,1141.72,17.5
C1057,100,0.49,0.306122,-0.019608,15,2.757353,33,0.022949,0,0,1.0,1,0.01,0.997424,100,1.00756,1141.72,17.5
C1059,100,0.55,0.054545,-0.022222,13,1.724138,33,0.022949,0,0,0.94,1,0.01,0.997424,100,1.00756,1141.72,17.5
C1061,100,0.42,-0.190476,0.034483,9,2.117647,33,0.019287,0,0,1.0,1,0.01,0.997424,100,1.00756,1141.72,17.5
C1063,100,0.55,0.418182,-0.155556,10,1.602564,33,0.021973,0,0.5,1.0,0.980952,0.439166,0.895387,100,2.00514,2272.13,34.83
C1065,100,0.38,0.0,-0.096774,5,1.385042,30,0.021973,0,0,0.98,1,0.01,0.997424,100,1.00756,1141.72,17.5
C1067,100,0.3,-0.066667,0.114286,5,2.232143,20,0.022949,0,0,0.77,1,0.01,0.997424,100,1.00756,1141.72,17.5
C1069,100,0.52,0.076923,-0.208333,18,2.678571,33,0.020264,0,0.0,1.0,1,0.01,0.986985,100,2.00514,2272.13,34.83
C1071,100,0.53,0.132075,-0.361702,13,1.884058,33,0.023193,0,0,0.79,1,0.01,0.997424,100,1.00756,1141.72,17.5
C1073,100,0.56,-0.071429,0.0,12,1.538462,32,0.022949,0,0,0.75,1,0.01,0.997424,100,1.00756,1141.72,17.5
C1075,100,0.38,-0.421053,-0.290323,3,1.010101,32,0.022705,0,0,0.88,1,0.01,0.997424,100,1.00756,1141.72,17.5
C1077,100,0.64,0.03125,-0.333333,18,1.759531,33,0.021973,0,0,1.0,1,0.01,0.986985,100,1.00756,1141.72,17.5
C1079,100,0.72,-0.027778,0.071429,34,2.625483,33,0.021729,0,0,0.0,1,0.01,0.997424,100,0.0,0.0,0.0
C1081,100,0.62,-0.064516,0.105263,20,2.089864,33,0.022461,0,0,1.0,1,0.01,0.997424,100,1.00756,1141.72,17.5
C1083,100,0.54,-0.185185,-0.304348,14,1.988636,33,0.022705,0,0,1.0,1,0.01,0.997424,100,1.00756,1141.72,17.5
C1085,100,0.53,-0.169811,0.06383,15,2.199413,33,0.022461,0,0,1.0,1,0.01,0.985044,100,1.00756,1141.72,17.5
C1087,100,0.6,-0.133333,0.1,12,1.357466,33,0.022949,0,0,1.0,1,0.01,0.997424,100,1.00756,1141.72,17.5
C1089,100,0.53,0.09434,-0.06383,12,1.724138,33,0.021973,0,0,1.0,1,0.01,0.997424,100,1.00756,1141.72,17.5
C1091,100,0.36,-0.111111,-0.125,7,2.1875,33,0.019531,0,0.0,1.0,1,0.01,0.978415,100,2.00514,2272.13,34.83
C1093,100,0.64,0.125,-0.277778,32,3.174603,33,0.020264,0,0,0.86,0.942857,0.01,0.997424,100,1.00756,1141.72,17.5
C1095,100,0.65,-0.015385,0.2,24,2.272727,33,0.022217,0,0,0.86,1,0.01,0.997424,100,1.00756,1141.72,17.5
C1097,100,0.63,0.079365,0.027027,20,2.028398,33,0.022705,0,0,0.0,1,0.01,0.997424,100,0.0,0.0,0.0
C1099,100,0.42,-0.190476,0.172414,12,2.823529,33,0.02124,0,0,1.0,1,0.01,0.997424,100,1.00756,1141.72,17.5
C1101,100,0.56,-0.214286,0.227273,13,1.737968,33,0.022461,0,0,1.0,1,0.01,0.997424,100,1.00756,1141.72,17.5
C1103,100,0.38,-0.105263,-0.419355,9,2.521008,33,0.022217,0,0,1.0,1,0.01,0.997424,100,1.00756,1141.72,17.5
C1105,100,0.53,-0.245283,-0.361702,10,1.515152,28,0.022949,0,0,0.81,1,0.01,0.997424,100,1.00756,1141.72,17.5
C1107,100,0.72,-0.277778,-0.214286,29,2.424749,33,0.020752,0,0,1.0,1,0.01,0.997424,100,1.00756,1141.72,17.5
C1109,100,0.48,0.041667,0.076923,10,1.73913,33,0.022949,0,0.0,1.0,0.985714,0.01,0.895387,100,2.00514,2272.13,34.83
C1111,100,0.65,-0.107692,-0.257143,20,1.915709,33,0.022949,0,0,0.87,1,0.01,0.997424,100,1.00756,1141.72,17.5
C1113,100,0.67,0.19403,0.090909,15,1.388889,33,0.021484,0,0,1.0,1,0.01,0.997424,100,1.00756,1141.72,17.5
C1115,100,0.69,-0.072464,-0.032258,28,2.364865,33,0.022705,0,0,1.0,1,0.01,0.997424,100,1.00756,1141.72,17.5
C1117,100,0.51,0.019608,-0.22449,13,2.0,33,0.023193,0,0,0.96,1,0.01,0.997424,100,1.00756,1141.72,17.5
C1119,100,0.43,-0.255814,-0.157895,1,0.231481,33,0.016846,0,0,0.0,1,0.01,0.997424,100,0.0,0.0,0.0
C1121,100,0.68,-0.058824,0.4375,26,2.256944,33,0.021973,0,0,0.93,1,0.01,0.997424,100,1.00756,1141.72,17.5
C1123,100,0.45,0.111111,-0.345455,8,1.6,32,0.022949,0,0,0.91,0.971429,0.01,0.997424,100,1.00756,1141.72,17.5
C1125,100,0.4,0.2,0.0,8,2.083333,33,0.023193,0,0,1.0,1,0.01,0.997424,100,1.00756,1141.72,17.5
C1127,100,0.58,0.172414,-0.095238,12,1.470588,33,0.023193,0,0,1.0,1,0.01,0.997424,100,1.00756,1141.72,17.5
C1129,100,0.63,-0.174603,-0.351351,18,1.871102,33,0.021973,0,0,1.0,1,0.01,0.978415,100,1.00756,1141.72,17.5
C1131,100,0.55,0.054545,-0.422222,19,2.519894,33,0.022217,0,0,1.0,1,0.01,0.997424,100,1.00756,1141.72,17.5
C1133,100,0.63,-0.015873,0.081081,22,2.217742,33,0.022705,0,0.5,1.0,0.990476,0.44343,0.895387,100,2.00514,2272.13,34.83
C1135,100,0.64,0.21875,0.166667,19,1.948718,33,0.023193,0,0,1.0,1,0.01,0.997424,100,1.00756,1141.72,17.5
C1137,100,0.58,-0.206897,-0.095238,19,2.360248,33,0.022461,0,0.0,1.0,1,0.01,0.895387,100,2.00514,2272.13,34.83
C1139,100,0.55,-0.127273,-0.244444,12,1.612903,33,0.022461,0,0,0.86,0.971429,0.01,0.997424,100,1.00756,1141.72,17.5
C1141,100,0.58,0.034483,-0.047619,14,1.666667,33,0.022461,0,0,1.0,0.971429,0.01,0.997424,100,1.00756,1141.72,17.5
C1143,100,0.55,-0.018182,0.288889,15,1.984127,33,0.022949,0,0.0,1.0,0.985714,0.01,0.953031,100,2.00514,2272.13,34.83
C1145,100,0.46,0.130435,0.333333,9,1.730769,33,0.023193,0,0,1.0,1,0.01,0.997424,100,1.00756,1141.72,17.5
C1147,100,0.46,0.173913,0.407407,11,2.14425,24,0.022705,0,0,1.0,1,0.01,0.997424,100,1.00756,1141.72,17.5
C1149,100,0.44,0.227273,0.0,8,1.742919,32,0.023193,0,0,1.0,1,0.01,0.997424,100,1.00756,1141.72,17.5
C1151,100,0.53,0.09434,-0.106383,19,2.729885,33,0.021729,0,0,1.0,1,0.01,0.997424,100,1.00756,1141.72,17.5
C1153,100,0.55,-0.127273,0.155556,16,2.150538,33,0.022949,0,0,0.74,1,0.01,0.997424,100,1.00756,1141.72,17.5
C1155,100,0.5,0.0,0.56,7,1.12,33,0.015869,0,0,1.0,1,0.01,0.997424,100,1.00756,1141.72,17.5
C1157,100,0.65,-0.076923,-0.257143,25,2.380952,33,0.023193,0,0,0.0,1,0.01,0.997424,100,0.0,0.0,0.0
C1159,100,0.61,-0.180328,-0.384615,19,2.111111,33,0.021729,0,0,1.0,1,0.01,0.997424,100,1.00756,1141.72,17.5
C1161,100,0.49,-0.020408,-0.215686,15,2.5,32,0.020996,0,0,1.0,1,0.01,0.978415,100,1.00756,1141.72,17.5
C1163,100,0.44,-0.045455,0.357143,9,1.863354,33,0.02124,0,0,1.0,1,0.01,0.997424,100,1.00756,1141.72,17.5
C1165,100,0.53,-0.132075,0.021277,11,1.594203,33,0.022217,0,0.5,1.0,0.990476,0.486536,0.982429,100,2.00514,2272.13,34.83
C1167,100,0.4,0.3,0.333333,9,2.472527,27,0.022949,0,0,1.0,1,0.01,0.997424,100,1.00756,1141.72,17.5
C1169,100,0.43,-0.023256,0.333333,10,2.164502,33,0.022461,0,0,1.0,1,0.01,0.997424,100,1.56638,1774.95,27.21
C1171,100,0.48,-0.166667,-0.384615,20,3.571429,32,0.022705,0,0,1.0,1,0.01,0.997424,100,1.00756,1141.72,17.5
C1173,100,0.54,-0.111111,-0.130435,15,2.083333,33,0.022949,0,0.0,1.0,1,0.01,0.895387,100,2.00514,2272.13,34.83
C1175,100,0.55,-0.127273,0.244444,10,1.344086,33,0.022217,0,0.0,1.0,1,0.01,0.953031,100,2.00514,2272.13,34.83
C1177,100,0.26,-0.153846,0.135135,2,1.212121,23,0.021973,0,0,1.0,1,0.01,0.997424,100,1.00756,1141.72,17.5
C1179,100,0.6,-0.4,-0.2,13,1.719577,33,0.023193,0,0.0,1.0,1,0.01,0.895387,100,2.00514,2272.13,34.83
C1181,100,0.7,-0.057143,-0.066667,19,1.556102,33,0.021484,0,0,1.0,0.985714,0.01,0.978415,100,1.00756,1141.72,17.5
C1183,100,0.43,-0.023256,0.333333,7,1.515152,33,0.022949,0,0,1.0,1,0.01,0.997424,100,1.00756,1141.72,17.5
C1185,100,0.58,0.137931,0.285714,15,1.818182,33,0.022705,0,0,1.0,1,0.01,0.985044,100,1.00756,1141.72,17.5
C1187,100,0.51,-0.098039,-0.183673,13,2.018634,33,0.022705,0,0,1.0,1,0.01,0.997424,100,1.00756,1141.72,17.5
C1189,100,0.33,-0.333333,0.134328,3,1.239669,30,0.022461,0,0.0,0.99,0.714286,0.01,0.895387,100,3.00272,3402.55,52.16
C1191,100,0.36,0.111111,0.25,6,1.875,33,0.022461,0,0,1.0,1,0.01,0.997424,100,1.00756,1141.72,17.5
C1193,100,0.53,-0.09434,0.06383,10,1.436782,33,0.023193,0,0,1.0,1,0.01,0.997424,100,1.00756,1141.72,17.5
C1195,100,0.43,-0.255814,-0.087719,7,1.62037,33,0.022461,0,0,1.0,1,0.01,0.997424,100,1.00756,1141.72,17.5
C1197,100,0.43,0.209302,0.087719,9,2.036199,33,0.021484,0,0,0.99,1,0.01,0.997424,100,1.00756,1141.72,17.5
C1199,100,0.6,0.066667,-0.05,15,1.674107,33,0.023193,0,0,1.0,1,0.01,0.997424,100,1.00756,1141.72,17.5
C1201,100,0.45,0.244444,-0.018182,8,1.680672,32,0.022461,0,0,0.94,0.942857,0.01,0.997424,100,1.00756,1141.72,17.5
C1203,100,0.6,-0.033333,0.3,16,1.779755,33,0.022461,0,0,1.0,1,0.01,0.895387,100,1.00756,1141.72,17.5
C1205,100,0.5,0.0,0.28,11,1.76,33,0.022949,0,0,1.0,1,0.01,0.895387,100,1.00756,1141.72,17.5
C1207,100,0.32,-0.0625,-0.294118,3,1.176471,32,0.022705,0,0.0,1.0,0.985714,0.01,0.970936,100,2.00514,2272.13,34.83
C1209,100,0.58,0.137931,0.285714,16,1.939394,33,0.022217,0,0,1.0,1,0.01,0.997424,100,1.00756,1141.72,17.5
C1211,100,0.4,0.0,-0.1,9,2.25,33,0.022461,0,0,1.0,1,0.01,0.997424,100,1.00756,1141.72,17.5
C1213,100,0.58,0.034483,-0.190476,16,1.904762,33,0.022705,0,0,0.9,1,0.01,0.997424,100,1.00756,1141.72,17.5
C1215,100,0.62,0.032258,-0.263158,18,1.875,33,0.022705,0,0,0.0,1,0.01,0.997424,100,0.0,0.0,0.0
C1217,100,0.55,0.236364,-0.066667,15,2.10084,33,0.022949,0,0,0.85,1,0.01,0.997424,100,1.00756,1141.72,17.5
C1219,100,0.45,-0.022222,-0.2,9,1.778656,33,0.022949,0,0,0.0,1,0.01,0.997424,100,0.0,0.0,0.0
C1221,100,0.43,0.162791,0.403509,9,2.0,33,0.022949,0,0.0,1.0,0.985714,0.01,0.970936,100,2.00514,2272.13,34.83
C1223,100,0.47,0.319149,0.169811,11,2.217742,33,0.022461,0,0,0.0,1,0.01,0.997424,100,0.0,0.0,0.0
C1225,100,0.45,0.066667,0.127273,11,2.18254,33,0.023193,0,0,1.0,1,0.01,0.997424,100,1.00756,1141.72,17.5
C1227,100,0.43,-0.162791,-0.052632,6,1.333333,33,0.023193,0,0,0.77,1,0.01,0.997424,100,1.00756,1141.72,17.5
C1229,100,0.51,-0.137255,-0.387755,13,2.037618,33,0.021729,0,0,1.0,1,0.01,0.997424,100,1.00756,1141.72,17.5
C1231,100,0.66,0.151515,0.0,15,1.409774,33,0.023193,0,0,1.0,1,0.01,0.978415,100,1.00756,1141.72,17.5
C1233,100,0.39,-0.230769,-0.377049,7,1.944444,33,0.022217,0,0,1.0,1,0.01,0.985044,100,1.00756,1141.72,17.5
C1235,100,0.42,-0.238095,-0.137931,6,1.442308,33,0.023193,0,0.5,1.0,0.971429,0.314909,0.648342,100,2.00514,2272.13,34.83
C1237,100,0.53,-0.056604,0.276596,12,1.714286,33,0.023193,0,0.5,1.0,0.990476,0.471977,0.953031,100,2.00514,2272.13,34.83
C1239,100,0.55,-0.090909,-0.466667,15,2.0,33,0.022705,0,0,0.0,1,0.01,0.997424,100,0.0,0.0,0.0
C1241,100,0.6,0.2,-0.5,16,1.851852,33,0.022705,0,0,0.76,1,0.01,0.997424,100,1.00756,1141.72,17.5
C1243,100,0.61,0.114754,-0.076923,15,1.633987,33,0.022461,0,0,1.0,1,0.01,0.997424,100,1.00756,1141.72,17.5
C1245,100,0.54,0.185185,-0.130435,10,1.420455,33,0.022217,0,0,0.0,1,0.01,0.997424,100,0.0,0.0,0.0
C1247,100,0.39,0.076923,0.081967,9,2.380952,31,0.021729,0,0,0.96,1,0.01,0.997424,100,1.00756,1141.72,17.5
C1249,100,0.63,0.079365,0.189189,20,2.028398,33,0.020996,0,0,1.0,1,0.01,0.953031,100,1.00756,1141.72,17.5
C1251,100,0.44,0.363636,-0.321429,7,1.666667,33,0.017578,0,0,1.0,1,0.01,0.997424,100,1.00756,1141.72,17.5
C1253,101,0.564356,-0.087719,-0.181818,9,1.127792,33,0.022461,0,0,0.990099,1,0.01,0.975144,101,1.00756,1130.41,17.33
C1255,101,0.663366,-0.074627,0.058824,25,2.262545,33,0.023193,0,0,1.0,1,0.01,0.975144,101,1.00756,1130.41,17.33
C1257,101,0.574257,-0.068966,-0.116279,21,2.53405,33,0.023438,0,0,1.0,0.9,0.01,0.957026,101,1.00756,1130.41,17.33
C1259,101,0.455446,-0.043478,0.090909,9,1.721591,33,0.022705,0,0.0,0.752475,1,0.01,0.98252,101,2.00514,2249.64,34.48
C1261,101,0.534653,-0.111111,-0.659574,14,1.963889,33,0.020996,0,0.0,1.0,1,0.01,0.978415,101,2.00514,2249.64,34.48
C1263,101,0.584158,0.016949,0.047619,16,1.857471,33,0.023193,0,1.0,1.0,1,0.371093,0.371093,101,2.00514,2249.64,34.48
C1265,101,0.346535,0.6,-0.363636,5,2.576531,33,0.020752,0,0,0.990099,1,0.01,0.980703,101,1.00756,1130.41,17.33
C1267,101,0.514851,-0.038462,0.183673,12,1.795556,33,0.022705,0,0.5,1.0,0.828571,0.381055,0.919788,101,2.00514,2249.64,34.48
C1269,101,0.623762,0.047619,-0.052632,19,1.938384,33,0.022705,0,0.0,0.920792,0.985714,0.01,0.975144,101,2.00514,2249.64,34.48
C1271,101,0.613861,-0.032258,-0.282051,17,1.788542,33,0.022705,0,0,0.990099,1,0.01,0.957026,101,1.00756,1130.41,17.33
C1273,102,0.568627,-0.172414,-0.136364,9,1.125,33,0.023438,0,0,0.754902,0.971429,0.01,0.997424,102,1.00756,1119.33,17.16
C1275,102,0.735294,0.04,-0.333333,29,2.106838,34,0.023193,0,0,0.980392,0.914286,0.01,0.997424,102,1.00756,1119.33,17.16
C1277,103,0.563107,-0.103448,-0.066667,10,1.237981,34,0.023682,0,0,0.970874,1,0.01,0.978415,103,1.00756,1108.46,16.99
C1279,103,0.601942,0.129032,0.02439,15,1.634921,34,0.023926,0,1.0,1.0,0.957143,0.84188,0.879576,103,2.00514,2205.95,33.81
C1281,103,0.466019,-0.416667,0.163636,7,1.514706,34,0.023438,0,0,0.970874,1,0.01,0.978415,103,1.00756,1108.46,16.99
C1283,103,0.650485,0.164179,-0.333333,24,2.263736,34,0.023438,0,0,0.970874,1,0.01,0.984087,103,1.00756,1108.46,16.99
C1285,103,0.446602,-0.043478,0.22807,7,1.36553,33,0.023438,0,0.5,1.0,1,0.459894,0.919788,103,2.00514,2205.95,33.81
C1287,103,0.61165,0.047619,-0.15,18,1.872727,34,0.022217,0,0,0.980583,1,0.01,0.997424,103,1.00756,1108.46,16.99
C1289,103,0.61165,-0.047619,-0.8,20,2.080808,34,0.018555,0,0,0.980583,1,0.01,0.997424,103,1.00756,1108.46,16.99
C1291,104,0.355769,0.567568,-0.164179,5,2.241379,34,0.022949,0,0,0.961538,1,0.01,0.997424,104,1.00756,1097.81,16.83
C1293,104,0.432692,-0.377778,-0.152542,7,1.677419,34,0.023193,0,0,0.961538,1,0.01,0.984087,104,1.00756,1097.81,16.83
C1295,104,0.653846,-0.088235,-0.055556,23,2.08544,34,0.023682,0,0,0.961538,1,0.01,0.997424,104,1.00756,1097.81,16.83
C1297,104,0.5,0.307692,0.346154,11,1.869281,34,0.020508,0,0.5,0.990385,0.961905,0.438121,0.919788,104,2.00514,2184.74,33.49
C1299,104,0.663462,0.130435,0.142857,24,2.133333,34,0.023438,0,0.0,0.971154,0.971429,0.01,0.919788,104,2.00514,2184.74,33.49
C1301,104,0.567308,-0.152542,-0.111111,13,1.590588,34,0.023438,0,0,0.961538,1,0.01,0.98252,104,1.00756,1097.81,16.83
C1303,105,0.428571,-0.2,-0.033333,10,2.160494,23,0.024414,0,0,0.952381,1,0.01,0.997424,105,1.00756,1087.35,16.67
C1305,105,0.533333,0.035714,0.428571,16,2.145594,35,0.023438,0,0.5,1.0,1,0.469698,0.939396,105,2.00514,2163.94,33.17
C1307,105,0.390476,0.414634,0.34375,8,2.413793,19,0.02417,0,0.0,0.961905,1,0.01,0.973054,105,2.00514,2163.94,33.17
C1309,105,0.428571,-0.244444,-0.233333,9,1.985294,32,0.02417,0,0,0.952381,0.971429,0.01,0.973054,105,1.00756,1087.35,16.67
C1311,105,0.514286,0.111111,0.490196,12,1.75,35,0.023926,0,0.5,1.0,0.990476,0.465225,0.939396,105,2.00514,2163.94,33.17
C1313,105,0.666667,-0.114286,-0.428571,33,2.866005,34,0.023193,0,0,0.0,1,0.01,0.997424,105,0.0,0.0,0.0
C1315,105,0.342857,0.166667,0.15942,6,2.0,28,0.023193,0,0.0,0.961905,1,0.01,0.969499,105,2.00514,2163.94,33.17
C1317,106,0.509434,0.0,0.0,8,1.163237,35,0.023438,0,0,0.943396,1,0.01,0.997424,106,1.00756,1077.09,16.51
C1319,106,0.688679,0.068493,0.272727,28,2.238311,35,0.023682,0,0,0.943396,1,0.01,0.997424,106,1.00756,1077.09,16.51
C1321,106,0.575472,-0.245902,-0.244444,14,1.697941,35,0.024658,0,0,0.943396,1,0.01,0.973776,106,1.00756,1077.09,16.51
C1323,106,0.632075,0.253731,-0.076923,16,1.615238,34,0.022461,0,0.5,1.0,0.961905,0.461671,0.959909,106,2.00514,2143.52,32.86
C1325,106,0.575472,0.081967,-0.288889,19,2.179654,35,0.023926,0,0.0,0.811321,0.985714,0.01,0.973054,106,2.00514,2143.52,32.86
C1327,106,0.716981,0.236842,-0.4,29,2.255319,35,0.024414,0,0,0.943396,1,0.01,0.997424,106,1.00756,1077.09,16.51
C1329,107,0.560748,-0.066667,-0.021277,18,2.149554,35,0.024658,0,0,1.0,1,0.01,0.982429,107,1.00756,1067.03,16.36
C1331,107,0.598131,0.125,0.162791,22,2.335317,35,0.024658,0,0.5,1.0,1,0.479955,0.959909,107,2.00514,2123.49,32.55
C1333,107,0.429907,-0.217391,-0.016393,11,2.335317,35,0.023926,0,0,0.0,1,0.01,0.997424,107,0.0,0.0,0.0
C1335,107,0.570093,-0.147541,0.043478,15,1.763736,35,0.023438,0,0.0,1.0,0.921429,0.01,0.812606,107,11.9809,12688.1,194.49
C1337,107,0.607477,-0.015385,-0.142857,21,2.127841,35,0.019775,0,0.0,0.943925,1,0.01,0.972445,107,2.00514,2123.49,32.55
C1339,107,0.457944,0.142857,0.034483,7,1.27381,35,0.024658,0,0.5,1.0,0.990476,0.475383,0.959909,107,2.00514,2123.49,32.55
C1341,107,0.560748,0.133333,-0.276596,19,2.299774,35,0.02417,0,0,0.934579,1,0.01,0.966667,107,1.00756,1067.03,16.36
C1343,107,0.728972,-0.179487,0.034483,32,2.326087,35,0.02417,0,0.5,1.0,0.990476,0.475383,0.959909,107,2.00514,2123.49,32.55
C1345,107,0.401869,0.209302,-0.09375,6,1.452489,34,0.024902,0,0,1.0,1,0.01,0.953031,107,1.00756,1067.03,16.36
C1347,107,0.485981,-0.346154,-0.054545,11,1.978151,17,0.024414,0,0,0.943925,0.971429,0.01,0.966667,107,1.26643,1341.18,20.56
C1349,107,0.523364,-0.142857,-0.058824,9,1.253906,35,0.023926,0,0.333333,1.0,0.987755,0.197503,0.599855,107,19.1841,20316.4,311.43
C1351,107,0.635514,-0.117647,-0.333333,24,2.252632,35,0.024414,0,0.0,0.943925,0.785714,0.01,0.969499,107,2.00514,2123.49,32.55
C1353,108,0.638889,-0.15942,0.282051,31,2.886207,35,0.023682,0,0,1.0,1,0.01,0.953031,108,1.00756,1057.15,16.2
C1355,108,0.407407,0.136364,0.0,10,2.273684,24,0.024902,0,0.5,1.0,1,0.479955,0.959909,108,2.00514,2103.83,32.25
C1357,108,0.509259,-0.090909,0.396226,9,1.296,36,0.023682,0,0.0,0.990741,1,0.01,0.953031,108,2.00514,2103.83,32.25
C1359,108,0.555556,-0.233333,0.083333,16,2.030552,35,0.024658,0,0,0.925926,1,0.01,0.997424,108,1.00756,1057.15,16.2
C1361,108,0.5,0.0,-0.296296,14,2.074074,35,0.025146,0,0.0,1.0,1,0.01,0.919788,108,3.00272,3150.51,48.29
C1363,109,0.495413,-0.185185,0.054545,12,1.857955,36,0.024902,0,0.2,1.0,0.680519,0.102559,0.753537,109,9.98579,10381.1,159.13
C1365,109,0.559633,-0.147541,-0.041667,15,1.796703,36,0.024902,0,0.5,1.0,0.980952,0.471164,0.960626,109,2.00514,2084.52,31.95
C1367,109,0.688073,-0.066667,-0.058824,25,1.946429,36,0.024902,0,0,0.917431,1,0.01,0.997424,109,1.00756,1047.45,16.06
C1369,109,0.587156,0.3125,0.555556,21,2.477273,36,0.021729,0,1.0,1.0,1,0.859352,0.859352,109,2.00514,2084.52,31.95
C1371,109,0.376147,-0.170732,-0.411765,8,2.137255,35,0.02417,0,0.5,1.0,0.990476,0.475738,0.960626,109,2.00514,2084.52,31.95
C1373,109,0.422018,0.086957,-0.301587,9,1.868571,24,0.02417,0,0.666667,0.944954,0.971429,0.575593,0.940557,109,3.00272,3121.6,47.85
C1375,109,0.412844,0.111111,-0.125,12,2.616,24,0.025146,1,0.0,0.926606,0.957143,0.01,0.924529,109,3.00272,3121.6,47.85
C1377,110,0.590909,0.046154,0.244444,14,1.461101,36,0.023926,0,0,0.909091,1,0.01,0.92889,110,1.00756,1037.93,15.91
C1379,110,0.636364,0.2,-0.55,14,1.309524,36,0.024658,0,0.0,0.763636,0.985714,0.01,0.92889,110,2.00514,2065.57,31.66
C1381,110,0.509091,0.142857,-0.074074,12,1.71875,36,0.025146,0,0,0.909091,0.957143,0.01,0.932799,110,1.00756,1037.93,15.91
C1383,110,0.254545,0.142857,0.02439,1,0.572917,21,0.024902,0,0,0.918182,1,0.01,0.997424,110,1.00756,1037.93,15.91
C1385,110,0.518182,0.017544,-0.09434,14,1.896552,36,0.025635,0,0,0.918182,1,0.01,0.997424,110,1.00756,1037.93,15.91
C1387,110,0.372727,-0.658537,-0.304348,0,0.0,36,0.020752,0,0.333333,1.0,0.942857,0.298536,0.949887,110,3.00272,3093.22,47.42
C1389,111,0.558559,0.0,-0.265306,18,2.079084,36,0.024658,0,0,0.900901,0.971429,0.01,0.943039,111,1.00756,1028.57,15.77
C1391,111,0.630631,0.057143,-0.02439,30,2.727273,37,0.025635,0,0,1.0,1,0.01,0.970936,111,1.00756,1028.57,15.77
C1393,111,0.666667,0.189189,0.189189,25,2.102273,37,0.025879,0,0.0,0.90991,1,0.01,0.92889,111,2.00514,2046.97,31.38
C1395,111,0.522523,-0.068966,-0.245283,16,2.121864,36,0.025146,0,0,0.0,1,0.01,0.997424,111,0.0,0.0,0.0
C1397,111,0.576577,0.25,0.148936,14,1.61875,37,0.024658,0,0,0.900901,1,0.01,0.948275,111,1.00756,1028.57,15.77
C1399,112,0.589286,0.060606,0.043478,14,1.445161,37,0.025391,0,0.0,0.910714,1,0.01,0.746561,112,4.99788,5056.58,77.51
C1401,112,0.651786,-0.205479,0.282051,23,2.018809,37,0.024902,0,0,0.892857,1,0.01,0.997424,112,1.00756,1019.39,15.63
C1403,112,0.517857,0.0,-0.444444,14,1.864447,37,0.025146,0,0.5,1.0,1,0.479955,0.959909,112,2.00514,2028.69,31.1
C1405,112,0.392857,-0.045455,-0.058824,9,2.086957,29,0.025635,0,0.0,0.883929,0.971429,0.01,0.943039,112,2.00514,2028.69,31.1
C1407,112,0.589286,0.121212,-0.130435,17,1.774464,37,0.026123,0,0.5,1.0,1,0.479955,0.959909,112,2.00514,2028.69,31.1
C1409,113,0.637168,-0.055556,-0.317073,21,1.836687,37,0.025391,0,0,0.884956,1,0.01,0.997424,113,1.00756,1010.37,15.49
C1411,113,0.610619,-0.130435,-0.181818,20,1.931624,37,0.024902,0,0.0,0.893805,1,0.01,0.832556,113,2.00514,2010.74,30.82
C1413,113,0.495575,-0.25,-0.017544,16,2.459864,37,0.025879,0,0,0.884956,0.971429,0.01,0.895387,113,1.00756,1010.37,15.49
C1415,113,0.486726,-0.127273,-0.206897,7,1.063172,37,0.025635,0,0,0.893805,0.985714,0.01,0.895387,113,1.00756,1010.37,15.49
C1417,113,0.566372,0.03125,-0.22449,20,2.209189,37,0.025391,0,0.5,1.0,1,0.469698,0.939396,113,2.00514,2010.74,30.82
C1419,114,0.596491,0.117647,0.0,17,1.7,37,0.026123,0,0.0,0.842105,1,0.01,0.866044,114,2.00514,1993.1,30.55
C1421,114,0.491228,0.178571,0.103448,17,2.55336,38,0.026367,0,0,0.877193,1,0.01,0.997424,114,1.00756,1001.51,15.35
C1423,114,0.596491,0.029412,-0.217391,18,1.776623,38,0.025391,0,0,0.877193,1,0.01,0.895387,114,1.00756,1001.51,15.35
C1425,114,0.421053,-0.458333,-0.121212,5,1.252747,37,0.025635,0,0,0.877193,0.971429,0.01,0.997424,114,1.00756,1001.51,15.35
C1427,114,0.491228,0.464286,0.62069,9,1.668293,38,0.020508,0,0,0.868421,0.957143,0.01,0.895387,114,1.35482,1346.69,20.64
C1429,114,0.561404,0.15625,0.2,22,2.510511,38,0.026367,0,0,0.973684,1,0.01,0.970936,114,1.00756,1001.51,15.35
C1431,115,0.713043,-0.073171,0.090909,33,2.269737,38,0.022461,0,0.5,0.904348,0.990476,0.411943,0.919788,115,2.00514,1975.77,30.29
C1433,115,0.521739,0.2,0.054545,11,1.46412,37,0.026611,0,0,0.869565,1,0.01,0.997424,115,1.00756,992.798,15.22
C1435,115,0.556522,0.0625,-0.176471,25,2.818627,38,0.026611,0,0.0,0.878261,0.985714,0.01,0.919788,115,2.00514,1975.77,30.29
C1437,116,0.482759,-0.035714,0.166667,11,1.62963,38,0.025879,0,0,0.862069,1,0.01,0.997424,116,1.00756,984.24,15.09
C1439,116,0.689655,0.1,0.166667,30,2.19697,38,0.026367,0,0,0.862069,1,0.01,0.761131,116,1.00756,984.24,15.09
C1441,116,0.491379,0.22807,-0.084746,15,2.25974,24,0.026367,0,0,0.853448,0.885714,0.01,0.997424,116,1.00756,984.24,15.09
C1443,117,0.529915,0.516129,0.345455,11,1.825532,36,0.023438,0,0,0.863248,1,0.01,0.215717,117,1.44632,1400.77,21.47
C1445,117,0.452991,0.056604,-0.125,13,2.172857,39,0.022461,0,1.0,1.0,0.985714,0.976838,0.990995,117,2.00514,1941.99,29.77
C1447,117,0.512821,0.1,0.157895,16,2.10101,38,0.026855,0,0,0.863248,1,0.01,0.997424,117,1.00756,975.827,14.96
C1449,117,0.470085,-0.2,-0.129032,17,2.739669,39,0.027344,0,0,0.854701,1,0.01,0.215717,117,1.00756,975.827,14.96
C1451,117,0.410256,0.208333,-0.217391,13,2.760436,24,0.025879,0,0.0,0.863248,1,0.01,0.426261,117,2.00514,1941.99,29.77
C1453,118,0.372881,-0.090909,-0.324324,8,1.966667,29,0.025879,0,0,0.847458,1,0.01,0.997424,118,1.00756,967.558,14.83
C1455,118,0.601695,0.126761,0.319149,26,2.474194,39,0.026367,0,0.25,0.966102,0.977143,0.177844,0.753562,118,4.0003,3841.49,58.89
C1457,118,0.550847,0.292308,0.056604,16,1.954451,38,0.026855,0,0.0,1.0,0.764286,0.01,0.898323,118,11.9809,11505.3,176.36
C1459,118,0.559322,0.212121,0.115385,18,2.042308,39,0.027588,0,0.333333,1.0,0.992857,0.315884,0.954469,118,3.00272,2883.51,44.2
C1461,119,0.563025,0.014925,-0.115385,15,1.590909,39,0.026855,0,0.0,0.848739,1,0.01,0.426261,119,2.00514,1909.35,29.27
C1463,119,0.588235,-0.085714,-0.061224,19,1.859375,39,0.027588,0,0.0,0.907563,0.838095,0.01,0.533283,119,2.00514,1909.35,29.27
C1465,119,0.630252,-0.04,0.136364,22,1.864672,39,0.026123,0,0.5,1.0,1,0.213131,0.426261,119,2.00514,1909.35,29.27
C1467,119,0.781513,-0.010753,0.769231,40,2.201665,39,0.015381,0,0,0.840336,1,0.01,0.426261,119,1.00756,959.427,14.71
C1469,119,0.605042,-0.055556,0.191489,21,1.934211,39,0.027344,0,0,0.840336,1,0.01,0.426261,119,1.00756,959.427,14.71
C1471,119,0.680672,0.234568,-0.052632,28,2.149677,39,0.026611,0,0.333333,1.0,0.892857,0.178101,0.598419,119,3.00272,2859.28,43.83
C1473,119,0.630252,-0.04,0.363636,18,1.525641,39,0.026611,0,0.0,1.0,1,0.01,0.982429,119,2.00514,1909.35,29.27
C1475,119,0.554622,0.060606,0.283019,18,1.974194,39,0.026855,0,0.5,1.0,1,0.324171,0.648342,119,2.00514,1909.35,29.27
C1477,119,0.327731,0.230769,-0.075,7,2.313889,20,0.024658,0,0,0.596639,1,0.01,0.997424,119,1.00756,959.427,14.71
C1479,120,0.466667,-0.357143,-0.3125,8,1.403509,39,0.024902,0,0.333333,1.0,0.978571,0.317942,0.974712,120,3.00272,2835.45,43.46
C1481,120,0.591667,0.098592,-0.061224,21,2.019231,40,0.027832,0,0.5,1.0,1,0.486527,0.973054,120,2.00514,1893.44,29.02
C1483,120,0.4,-0.041667,0.0,12,2.504348,39,0.028076,0,0,0.841667,1,0.01,0.997424,120,1.00756,951.432,14.58
C1485,120,0.45,-0.037037,0.121212,16,2.637363,33,0.028076,0,0.5,1.0,0.990476,0.485681,0.980703,120,2.24348,2118.51,32.47
C1487,120,0.675,-0.160494,0.025641,25,1.877347,40,0.026855,0,0.0,0.833333,0.990476,0.01,0.985044,120,2.00514,1893.44,29.02
C1489,120,0.558333,-0.223881,-0.54717,14,1.575985,25,0.027832,0,0.0,0.825,0.985714,0.01,0.985044,120,2.00514,1893.44,29.02
C1491,120,0.333333,0.3,0.025,9,2.967033,29,0.0271,0,0,0.833333,1,0.01,0.985044,120,1.00756,951.432,14.58
C1493,120,0.425,-0.254902,-0.072464,11,2.171053,30,0.027588,0,0.5,1.0,1,0.490352,0.980703,120,2.00514,1893.44,29.02
C1495,120,0.533333,-0.0625,0.321429,20,2.352941,39,0.0271,0,0,0.833333,1,0.01,0.997424,120,1.00756,951.432,14.58
C1497,121,0.504132,-0.016393,0.1,14,1.821505,40,0.028076,0,0.0,1.0,1,0.01,0.98685,121,2.00514,1877.79,28.78
C1499,121,0.702479,0.129412,-0.111111,31,2.11205,40,0.027588,0,0.5,1.0,1,0.491215,0.982429,121,2.00514,1877.79,28.78
C1501,121,0.545455,-0.060606,-0.2,22,2.453456,40,0.026855,0,0.5,1.0,1,0.489208,0.978415,121,2.00514,1877.79,28.78
C1503,121,0.669421,0.308642,0.65,21,1.712264,40,0.024658,0,0.5,1.0,1,0.489208,0.978415,121,2.00514,1877.79,28.78
C1505,122,0.483607,0.186441,0.079365,14,2.033333,40,0.027588,0,0,0.819672,0.971429,0.01,0.997424,122,1.00756,935.834,14.35
C1507,122,0.598361,0.068493,0.22449,25,2.300151,40,0.02832,0,0.0,1.0,1,0.01,0.990995,122,2.00514,1862.4,28.55
C1509,123,0.512195,-0.111111,-0.166667,17,2.133673,41,0.02832,0,0.0,1.0,0.942857,0.01,0.991986,123,2.00514,1847.26,28.32
C1511,123,0.560976,0.101449,0.185185,22,2.297114,41,0.026855,0,0.5,1.0,1,0.491215,0.982429,123,2.00514,1847.26,28.32
C1513,124,0.620968,0.246753,0.191489,20,1.781609,41,0.028564,0,0.333333,1.0,0.992857,0.319878,0.966538,124,3.00272,2743.99,42.06
C1515,124,0.491935,-0.147541,0.111111,15,2.043956,40,0.0271,0,0,0.806452,1,0.01,0.997424,124,1.00756,920.74,14.11
C1517,124,0.403226,0.28,0.054054,11,2.368056,41,0.028564,0,0.333333,1.0,1,0.316326,0.948979,124,3.00272,2743.99,42.06
C1519,124,0.629032,0.128205,-0.086957,18,1.491979,41,0.02832,0,0.5,0.967742,0.971429,0.461787,0.982429,124,2.00514,1832.36,28.09
C1521,125,0.52,-0.076923,-0.266667,11,1.309524,41,0.029297,0,0.0,1.0,1,0.01,0.990995,125,2.00514,1817.71,27.86
C1523,125,0.584,-0.150685,0.0,24,2.304147,41,0.028809,0,0,0.8,1,0.01,0.989861,125,1.00756,913.374,14.0
C1525,125,0.504,-0.365079,0.032258,19,2.761628,41,0.026611,0,0.5,0.808,0.980952,0.389341,0.982429,125,2.00514,1817.71,27.86
C1527,126,0.595238,0.013333,0.019608,27,2.41963,42,0.029053,0,0.5,1.0,1,0.489208,0.978415,126,2.00514,1803.28,27.64
C1529,126,0.539683,-0.117647,-0.344828,15,1.657895,41,0.029297,0,0.333333,1.0,0.982857,0.319144,0.974133,126,3.00272,2700.43,41.39
C1531,126,0.547619,-0.072464,-0.122807,17,1.809122,42,0.029541,0,0,0.793651,1,0.01,0.980703,126,1.00756,906.125,13.89
C1533,127,0.527559,0.343284,0.466667,13,1.667677,41,0.028076,0,0.666667,1.0,0.96,0.580128,0.90645,127,3.00272,2679.17,41.07
C1535,127,0.606299,0.116883,-0.04,30,2.606019,42,0.02832,0,0,0.779528,0.971429,0.01,0.997424,127,1.00756,898.991,13.78
C1537,127,0.551181,-0.142857,-0.017544,23,2.434167,42,0.028564,0,0,0.984252,0.985714,0.01,0.99284,127,1.00756,898.991,13.78
C1539,127,0.716535,-0.186813,0.055556,38,2.415415,42,0.02832,0,0.0,1.0,1,0.01,0.99284,127,2.00514,1789.08,27.42
C1541,127,0.511811,0.169231,0.354839,11,1.361598,27,0.028076,0,0.5,1.0,1,0.489208,0.978415,127,2.00514,1789.08,27.42
C1543,127,0.629921,-0.1,-0.148936,27,2.164773,42,0.029541,0,0.5,0.826772,1,0.405409,0.980703,127,2.00514,1789.08,27.42
C1545,128,0.453125,0.482759,0.314286,8,1.587597,42,0.025146,0,0.333333,1.0,0.971429,0.277772,0.857826,128,3.00272,2658.24,40.75
C1547,128,0.484375,-0.193548,-0.515152,12,1.660541,42,0.028076,0,0.2,0.984375,0.947619,0.181737,0.974133,128,4.99788,4424.51,67.82
C1549,128,0.539063,-0.072464,-0.016949,19,2.054054,42,0.029541,0,0.333333,1.0,0.978571,0.29786,0.913147,128,3.00272,2658.24,40.75
C1551,129,0.503876,-0.138462,-0.34375,12,1.494208,39,0.029541,0,0.0,1.0,0.990476,0.01,0.980703,129,2.00514,1761.34,27.0
C1553,129,0.503876,0.169231,0.28125,16,2.011696,30,0.029785,0,0,0.775194,1,0.01,0.997424,129,1.00756,885.053,13.57
C1555,129,0.550388,0.239437,0.034483,17,1.84596,43,0.030273,0,0.5,1.0,1,0.492044,0.984087,129,2.00514,1761.34,27.0
C1557,129,0.356589,-0.565217,0.180723,5,1.791667,43,0.027832,0,0.0,1.0,0.990476,0.01,0.98252,129,3.00272,2637.63,40.43
C1559,129,0.612403,-0.21519,0.0,18,1.560484,43,0.028809,0,0.5,1.0,1,0.49126,0.98252,129,2.00514,1761.34,27.0
C1561,129,0.55814,-0.027778,-0.263158,21,2.091892,43,0.02832,0,0.0,0.782946,1,0.01,0.98685,129,2.00514,1761.34,27.0
C1563,129,0.705426,-0.142857,0.157895,43,2.735207,43,0.027344,0,1.0,1.0,1,0.968433,0.968433,129,2.00514,1761.34,27.0
C1565,129,0.55814,0.055556,-0.263158,24,2.396285,43,0.028809,0,0.333333,1.0,0.971429,0.31401,0.969736,129,3.00272,2637.63,40.43
C1567,130,0.507692,-0.181818,-0.375,13,1.604938,43,0.029297,0,0.333333,0.915385,1,0.294455,0.965022,130,3.00272,2617.34,40.12
C1569,131,0.625954,0.073171,-0.061224,27,2.115431,43,0.029053,0,0,1.0,1,0.01,0.99284,131,1.00756,871.54,13.36
C1571,131,0.51145,-0.164179,0.0,17,2.039377,43,0.030273,0,1.0,1.0,1,0.93976,0.93976,131,2.00514,1734.45,26.59
C1573,131,0.664122,-0.241379,0.045455,30,2.205387,43,0.030029,0,0.333333,1.0,1,0.286855,0.860564,131,3.00272,2597.36,39.81
C1575,131,0.618321,0.037037,0.04,20,1.599512,43,0.029785,0,0.5,1.0,1,0.485902,0.971804,131,2.00514,1734.45,26.59
C1577,132,0.409091,-0.296296,0.025641,6,1.190977,43,0.030273,0,0,0.757576,0.971429,0.01,0.997424,132,1.00756,864.938,13.26
C1579,132,0.606061,-0.025,0.230769,19,1.56848,44,0.029785,0,0.333333,0.977273,0.971429,0.299773,0.947298,132,3.00272,2577.69,39.51
C1581,132,0.431818,0.298246,-0.04,12,2.140541,30,0.029297,0,0,0.757576,0.985714,0.01,0.973054,132,1.00756,864.938,13.26
C1583,133,0.157895,-0.714286,0.482143,0,0.0,25,0.022461,0,0,0.75188,1,0.01,0.975993,133,1.00756,858.435,13.16
C1585,134,0.567164,0.184211,-0.206897,19,1.82509,44,0.030029,0,0.666667,1.0,1,0.622087,0.933131,134,3.00272,2539.21,38.92
C1587,134,0.380597,-0.294118,0.036145,16,3.609428,44,0.029541,0,0.5,0.955224,0.980952,0.455604,0.972445,134,2.00514,1695.62,25.99
C1589,134,0.5,0.462687,0.044776,12,1.823129,44,0.029785,0,0.5,1.0,1,0.486223,0.972445,134,2.00514,1695.62,25.99
C1591,134,0.529851,-0.211268,-0.206349,20,2.225914,44,0.029297,0,0.5,1.0,1,0.486223,0.972445,134,2.00514,1695.62,25.99
C1593,134,0.679104,0.252747,0.069767,32,2.21259,44,0.029785,0,0,0.746269,1,0.01,0.977603,134,1.00756,852.028,13.06
C1595,134,0.447761,-0.266667,-0.297297,13,2.083732,36,0.031494,0,0.5,1.0,0.980952,0.459924,0.93771,134,2.00514,1695.62,25.99
C1597,134,0.656716,0.113636,0.0,28,1.96337,44,0.03125,0,0,0.873134,0.857143,0.01,0.985044,134,2.00514,1695.62,25.99
C1599,134,0.395522,-0.471698,-0.209877,5,1.227106,30,0.030762,0,0.0,1.0,0.971429,0.01,0.969889,134,4.0003,3382.81,51.85
C1601,134,0.470149,0.396825,0.408451,8,1.282297,42,0.030518,0,0.333333,1.0,1,0.283524,0.850571,134,3.00272,2539.21,38.92
C1603,134,0.470149,-0.142857,0.098592,13,1.792181,44,0.03125,0,0.5,1.0,1,0.486223,0.972445,134,2.00514,1695.62,25.99
C1605,134,0.559701,0.12,0.389831,22,2.126984,44,0.027832,0,0,0.746269,1,0.01,0.979538,134,1.00756,852.028,13.06
C1607,135,0.540741,-0.342466,-0.129032,22,2.52551,45,0.03125,0,1.0,1.0,0.971429,0.795842,0.819249,135,3.00272,2520.4,38.63
C1609,135,0.6,0.012346,0.074074,20,1.646341,45,0.029785,0,0,0.688889,1,0.01,0.997424,135,1.00756,845.717,12.96
C1611,136,0.654412,-0.033708,0.021277,31,2.131446,45,0.03125,0,0.5,0.963235,1,0.454184,0.943039,136,2.00514,1670.69,25.61
C1613,137,0.49635,-0.088235,0.014493,12,1.433304,39,0.031494,0,0.666667,1.0,0.928571,0.581579,0.939475,137,4.0003,3308.73,50.72
C1615,137,0.583942,-0.1,0.087719,22,1.902778,45,0.031738,0,0.333333,1.0,0.842857,0.267311,0.951447,137,3.00272,2483.61,38.07
C1617,137,0.357664,-0.55102,0.295455,4,1.311005,45,0.0271,0,0.666667,1.0,0.971429,0.571402,0.882311,137,3.00272,2483.61,38.07
C1619,138,0.492754,0.147059,0.057143,18,2.196286,45,0.032227,0,1.0,0.992754,0.985714,0.923204,0.94342,138,3.00272,2465.61,37.8
C1621,139,0.539568,0.093333,0.3125,24,2.393113,46,0.031494,0,0,0.719424,1,0.01,0.926223,139,1.00756,821.38,12.59
C1623,139,0.589928,-0.121951,-0.087719,20,1.678744,46,0.031738,0,0,0.769784,1,0.01,0.984087,139,1.00756,821.38,12.59
C1625,139,0.597122,0.060241,-0.142857,21,1.701049,45,0.031494,0,0.0,0.726619,1,0.01,0.926223,139,2.00514,1634.63,25.06
C1627,140,0.55,-0.298701,0.333333,21,2.177778,46,0.031982,0,0,0.714286,1,0.01,0.926223,140,1.00756,815.513,12.5
C1629,141,0.574468,-0.037037,0.2,27,2.324176,46,0.032959,0,0.5,1.0,1,0.398369,0.796737,141,2.00514,1611.44,24.7
C1631,141,0.673759,-0.010526,-0.043478,30,1.875,47,0.030518,0,0.0,0.964539,0.92381,0.01,0.932799,141,3.00272,2413.15,36.99
C1633,142,0.535211,0.157895,0.090909,22,2.21875,34,0.032471,0,1.0,1.0,0.990476,0.884169,0.892671,142,3.00272,2396.16,36.73
C1635,142,0.584507,0.108434,0.016949,27,2.252644,47,0.031738,0,0.5,1.0,1,0.492522,0.985044,142,2.00514,1600.09,24.53
C1637,142,0.577465,0.219512,0.1,19,1.68625,47,0.030029,0,0.666667,1.0,0.994286,0.63034,0.950943,142,3.00272,2396.16,36.73
C1639,143,0.594406,0.270588,-0.275862,24,2.050179,47,0.032715,0,0.0,0.993007,0.961905,0.01,0.761131,143,2.00514,1588.9,24.36
C1641,143,0.566434,-0.209877,-0.129032,19,1.732781,47,0.032471,0,0.8,1.0,0.996825,0.726183,0.91062,143,4.99788,3960.4,60.71
C1643,143,0.454545,0.046154,0.307692,11,1.49241,47,0.032959,0,0,0.699301,1,0.01,0.728515,143,1.00756,798.404,12.24
C1645,143,0.51049,-0.39726,0.085714,16,2.039216,26,0.032227,0,0.0,1.0,1,0.01,0.980703,143,3.00272,2379.4,36.47
C1647,143,0.447552,0.15625,-0.113924,10,1.431431,47,0.031982,0,0,0.699301,1,0.01,0.728515,143,1.00756,798.404,12.24
C1649,144,0.520833,0.04,0.15942,22,2.25641,48,0.033936,0,0.5,1.0,1,0.380566,0.761131,144,2.00514,1577.87,24.19
C1651,144,0.659722,0.242105,0.22449,27,1.830508,47,0.032715,0,0.571429,1.0,0.978571,0.497805,0.890235,144,6.99304,5502.92,84.35
C1653,144,0.479167,0.304348,-0.146667,16,2.133333,41,0.032471,3,0.238095,0.993056,0.933673,0.208805,0.945848,144,20.9592,16493.1,252.82
C1655,144,0.541667,-0.153846,0.121212,17,1.648485,48,0.033936,0,0.333333,1.0,1,0.2796,0.838801,144,3.00272,2362.88,36.22
C1657,145,0.717241,0.076923,-0.170732,36,1.941964,48,0.032471,0,0.666667,1.0,1,0.641876,0.962814,145,3.00272,2346.58,35.97
C1659,146,0.630137,-0.065217,-0.148148,26,1.801614,48,0.033447,0,1.0,0.945205,0.992857,0.383653,0.408814,146,2.00514,1556.25,23.86
C1661,146,0.486301,-0.014085,-0.226667,16,1.853968,48,0.030273,0,0.5,1.0,1,0.133493,0.266986,146,2.00514,1556.25,23.86
C1663,147,0.564626,-0.084337,-0.3125,21,1.805263,48,0.03418,0,1.0,1.0,0.990476,0.977585,0.986985,147,3.00272,2314.66,35.48
C1665,147,0.360544,0.169811,0.12766,6,1.293255,48,0.032227,0,0.666667,1.0,0.977143,0.593746,0.911452,147,3.00272,2314.66,35.48
C1667,147,0.455782,-0.253731,-0.225,12,1.68,48,0.033936,0,0.333333,1.0,0.971429,0.169129,0.522311,147,3.00272,2314.66,35.48
C1669,148,0.547297,0.061728,-0.253731,22,1.992656,38,0.032715,0,0.2,1.0,0.677551,0.018419,0.135922,148,4.99788,3826.6,58.66
C1671,148,0.540541,-0.1,0.058824,16,1.494949,49,0.033203,0,0.0,0.675676,0.942857,0.01,0.154522,148,3.00272,2299.02,35.24
C1673,148,0.405405,-0.2,-0.090909,12,2.055556,34,0.033691,0,0.5,0.858108,0.990476,0.417539,0.98252,148,2.00514,1535.22,23.53
C1675,149,0.516779,0.064935,-0.527778,21,2.119919,49,0.031494,0,0.75,0.912752,0.971429,0.494606,0.743762,149,4.0003,3042.25,46.63
C1677,150,0.586667,-0.113636,-0.129032,31,2.433281,50,0.033447,0,0.5,1.0,0.814286,0.402443,0.988457,150,3.00272,2268.36,34.77
C1679,150,0.406667,0.016393,0.101124,18,2.903226,44,0.031494,0,0.25,0.993333,0.97619,0.234634,0.967882,150,4.0003,3021.97,46.32
C1681,153,0.562092,-0.186047,0.074627,29,2.485714,51,0.035645,0,0.5,0.72549,0.990476,0.354085,0.985512,153,2.00514,1485.05,22.76
C1683,153,0.490196,0.093333,0.282051,19,2.085366,50,0.031006,0,0.0,0.718954,0.971429,0.01,0.99324,153,2.00514,1485.05,22.76
C1685,154,0.512987,0.21519,0.173333,14,1.448925,28,0.034424,0,0.333333,1.0,1,0.32891,0.98673,154,3.00272,2209.45,33.87
C1687,154,0.564935,0.126437,-0.283582,26,2.150376,51,0.034668,0,1.0,0.993506,0.964286,0.94092,0.982146,154,2.00514,1475.41,22.62
C1689,154,0.480519,0.0,0.1,16,1.799854,29,0.035889,0,0.0,0.831169,1,0.01,0.985512,154,3.00272,2209.45,33.87
C1691,155,0.574194,-0.033708,-0.363636,24,1.880688,51,0.032959,0,0.333333,0.974194,0.978571,0.284434,0.895086,155,5.99546,4383.09,67.19
C1693,155,0.651613,0.009901,0.296296,36,2.188235,51,0.034912,0,0.5,0.754839,1,0.373593,0.989861,155,2.00514,1465.89,22.47
C1695,155,0.354839,0.018182,0.04,11,2.255291,18,0.032471,0,0.5,0.987097,0.971429,0.474586,0.989861,155,2.00514,1465.89,22.47
C1697,157,0.458599,-0.25,-0.082353,18,2.325926,49,0.036865,0,0.25,0.929936,0.988571,0.178915,0.778476,157,4.0003,2887.24,44.26
C1699,157,0.509554,-0.075,0.220779,24,2.368322,52,0.035889,0,0.666667,0.961783,0.994286,0.615532,0.965502,157,3.00272,2167.23,33.22
C1701,157,0.566879,0.258427,-0.235294,26,2.208874,52,0.0354,0,0.666667,1.0,0.971429,0.627502,0.968937,157,3.00272,2167.23,33.22
C1703,157,0.522293,-0.04878,-0.146667,15,1.404293,52,0.036865,0,0.666667,0.993631,0.988571,0.627801,0.958695,157,3.00272,2167.23,33.22
C1705,158,0.367089,0.310345,0.24,14,2.910526,52,0.035645,0,0.5,1.0,1,0.487365,0.974729,158,2.00514,1438.06,22.04
C1707,159,0.484277,0.142857,0.097561,17,1.86157,53,0.036377,0,1.0,0.962264,0.992857,0.93028,0.973717,159,2.00514,1429.01,21.91
C1709,159,0.440252,-0.257143,-0.078652,15,2.08479,34,0.035156,0,0.5,1.0,0.979592,0.472395,0.964472,159,4.99788,3561.87,54.6
C1711,159,0.666667,-0.075472,-0.018868,40,2.277121,53,0.031494,0,0.5,0.798742,0.990476,0.39194,0.990829,159,2.00514,1429.01,21.91
C1713,160,0.43125,0.043478,0.274725,14,1.885522,41,0.035889,0,0.5,0.8875,0.980952,0.431305,0.990829,160,2.00514,1420.08,21.77
C1715,161,0.583851,-0.106383,0.104478,25,1.842949,53,0.037598,0,0.0,0.944099,1,0.01,0.989861,161,3.00272,2113.38,32.4
C1717,162,0.598765,0.072165,0.076923,29,2.007692,53,0.037109,0,0.25,1.0,0.982857,0.237298,0.965748,162,4.0003,2798.12,42.89
C1721,162,0.5,0.111111,0.111111,20,2.0,54,0.03833,0,0.666667,1.0,0.994286,0.590996,0.891589,162,3.00272,2100.34,32.2
C1723,164,0.5,-0.243902,-0.04878,28,2.904491,49,0.037842,0,0.75,1.0,0.906122,0.645445,0.949755,164,4.0003,2764.0,42.37
C1725,165,0.587879,0.030928,0.029412,35,2.457447,55,0.036377,0,1.0,1.0,0.957143,0.857636,0.896037,165,3.00272,2062.15,31.61
C1727,165,0.466667,0.064935,0.0,13,1.453252,48,0.036377,0,1.0,0.987879,0.975,0.478803,0.497106,165,4.0003,2747.25,42.11
C1729,165,0.30303,-0.6,0.130435,6,2.475,54,0.0354,0,1.0,1.0,1,0.954184,0.954184,165,2.00514,1377.05,21.11
C1731,167,0.610778,0.078431,-0.169231,27,1.744294,55,0.03833,0,0.25,1.0,0.931429,0.222086,0.953741,167,4.0003,2714.35,41.61
C1733,167,0.562874,0.0,0.369863,28,2.116795,55,0.037842,0,0.333333,1.0,0.992857,0.326022,0.985104,167,3.00272,2037.45,31.23
C1735,167,0.538922,-0.088889,0.272727,24,1.995022,55,0.037354,0,0.5,0.946108,1,0.438308,0.92655,167,2.00514,1360.56,20.86
C1737,168,0.607143,-0.078431,0.121212,25,1.624758,55,0.038818,0,0.375,0.946429,0.953247,0.31737,0.938083,168,7.99062,5389.65,82.62
C1739,168,0.458333,-0.168831,0.296703,16,1.866667,38,0.037109,0,0.5,1.0,1,0.493425,0.98685,168,2.00514,1352.46,20.73
C1741,172,0.593023,0.156863,-0.171429,23,1.559322,57,0.039551,0,1.0,0.918605,1,0.760984,0.828413,172,2.00514,1321.01,20.25
C1743,173,0.554913,-0.020833,0.012987,24,1.802866,57,0.039307,0,0.75,1.0,0.97551,0.56464,0.771754,173,4.0003,2620.21,40.16
C1745,176,0.579545,-0.058824,-0.27027,24,1.62963,58,0.038574,0,0.5,1.0,0.980952,0.460361,0.9386,176,4.0003,2575.55,39.48
C1747,176,0.386364,-0.176471,0.148148,16,2.514286,58,0.038818,0,0.75,1.0,0.881633,0.618945,0.936059,176,4.0003,2575.55,39.48
C1749,176,0.653409,0.043478,-0.245902,45,2.4,58,0.039063,0,0.5,0.926136,1,0.456979,0.98685,176,2.00514,1290.98,19.79
C1751,176,0.642045,0.132743,0.015873,34,1.908163,58,0.039795,5,0.304348,1.0,0.96,0.25126,0.859967,176,20.7391,13352.6,204.68
C1753,177,0.435028,-0.506494,-0.32,15,2.409256,59,0.039307,0,0.5,0.983051,0.942857,0.458637,0.989639,177,2.00514,1283.69,19.68
C1755,179,0.603352,-0.055556,0.126761,30,1.847265,59,0.040771,0,0.333333,1.0,1,0.25319,0.75957,179,3.00272,1900.86,29.14
C1757,180,0.288889,-0.423077,0.328125,5,1.621622,60,0.037354,0,1.0,1.0,0.985714,0.905322,0.918443,180,3.00272,1890.3,28.98
C1759,181,0.469613,0.270588,0.166667,18,1.946237,53,0.039307,0,0.75,1.0,0.942857,0.680854,0.962824,181,4.0003,2504.4,38.39
C1761,182,0.472527,-0.162791,0.0,21,2.123333,60,0.041992,0,0.6,1.0,1,0.57949,0.965816,182,4.99788,3111.74,47.7
C1763,182,0.571429,-0.076923,-0.076923,28,1.895833,60,0.04248,0,0.666667,1.0,1,0.612724,0.919086,182,3.00272,1869.53,28.66
C1765,185,0.572973,0.037736,-0.240506,32,2.110517,61,0.04126,0,0.5,0.983784,1,0.488928,0.993974,185,2.00514,1228.18,18.83
C1767,185,0.605405,0.142857,-0.013699,32,1.927083,61,0.041748,0,0.666667,0.848649,1,0.549038,0.970434,185,3.00272,1839.21,28.19
C1769,185,0.6,-0.009009,-0.135135,29,1.741883,61,0.041992,0,1.0,0.87027,1,0.844737,0.97066,185,2.00514,1228.18,18.83
C1771,185,0.513514,-0.094737,0.088889,19,1.572004,61,0.042725,0,0.666667,1.0,1,0.639739,0.959608,185,3.00272,1839.21,28.19
C1773,188,0.611702,0.043478,0.205479,29,1.652121,62,0.04248,0,1.0,1.0,0.957143,0.790446,0.825839,188,4.0003,2411.15,36.96
C1775,188,0.5,0.12766,-0.042553,26,2.249425,46,0.042969,0,1.0,0.978723,0.991429,0.915544,0.943534,188,4.99788,3012.43,46.18
C1777,188,0.43617,0.097561,-0.169811,19,2.145345,62,0.043213,0,0.666667,0.87766,0.977143,0.555434,0.971492,188,3.00272,1809.86,27.74
C1779,189,0.444444,-0.404762,-0.2,16,2.050169,51,0.037354,0,0.25,1.0,0.994286,0.241464,0.971407,189,4.0003,2398.39,36.76
C1781,191,0.612565,-0.059829,-0.081081,32,1.792375,63,0.040771,0,0.571429,1.0,0.955844,0.499283,0.914109,191,6.99304,4148.8,63.6
C1783,192,0.494792,-0.094737,-0.154639,26,2.232558,64,0.043457,0,0.5,0.796875,0.985714,0.363978,0.926752,192,2.00514,1183.4,18.14
C1785,192,0.53125,-0.215686,0.044444,26,2.012903,64,0.04248,0,0.5,1.0,0.995238,0.079245,0.159249,192,4.0003,2360.92,36.19
C1787,193,0.658031,-0.007874,-0.242424,47,2.249752,64,0.043701,0,0.5,1.0,0.995238,0.473458,0.951447,193,4.0003,2348.68,36.0
C1791,196,0.596939,-0.196581,0.113924,30,1.787234,64,0.044922,0,1.0,0.994898,0.991209,0.912388,0.9252,196,6.5317,3776.24,57.89
C1793,196,0.668367,0.160305,0.415385,40,1.875598,65,0.043945,0,0.666667,1.0,0.988571,0.632502,0.959721,196,3.00272,1735.99,26.61
C1795,197,0.588832,0.0,0.160494,34,1.991082,65,0.045898,0,0.666667,0.949239,0.971429,0.509886,0.829426,197,3.00272,1727.18,26.48
C1797,197,0.553299,0.045872,0.022727,33,2.19332,65,0.044434,0,0.5,1.0,1,0.476077,0.952153,197,4.0003,2300.99,35.27
C1799,198,0.5,0.090909,0.070707,32,2.607407,65,0.045166,0,0.666667,0.89899,0.948571,0.4491,0.789969,198,3.00272,1718.46,26.34
C1801,198,0.373737,0.054054,0.33871,21,3.046154,39,0.04248,0,0.333333,1.0,0.978571,0.317202,0.972445,198,3.00272,1718.46,26.34
C1803,199,0.396985,-0.113924,0.083333,12,1.550649,34,0.044922,0,0.75,0.964824,0.995918,0.606015,0.840911,199,4.0003,2277.87,34.92
C1805,199,0.497487,0.010101,0.44,20,1.62449,66,0.045166,0,0.5,0.718593,1,0.356998,0.993602,199,2.00514,1141.77,17.5
C1807,201,0.636816,-0.109375,-0.123288,47,2.334322,67,0.045898,0,1.0,0.761194,0.992857,0.547392,0.724297,201,2.00514,1130.41,17.33
C1809,202,0.316832,0.3125,-0.362319,7,1.530303,67,0.040527,0,0.625,1.0,0.934694,0.505171,0.864747,202,7.99062,4482.48,68.71
C1811,203,0.512315,-0.057692,0.131313,24,1.807792,67,0.045898,0,0.5,1.0,0.987755,0.432627,0.87598,203,4.0003,2232.98,34.23
C1813,203,0.640394,0.153846,0.260274,36,1.771636,67,0.041016,0,0.75,1.0,0.995918,0.659466,0.882892,203,4.0003,2232.98,34.23
C1815,211,0.398104,0.166667,0.244094,17,2.091545,54,0.049316,0,0.75,1.0,0.965306,0.682128,0.942192,211,7.99062,4291.29,65.78
C1817,212,0.613208,0.0,0.268293,41,2.057278,70,0.048828,0,0.75,1.0,0.979592,0.708822,0.964786,212,4.0003,2138.19,32.78
C1819,213,0.549296,-0.179487,0.291667,23,1.479167,70,0.046875,0,0.8,1.0,0.990476,0.766917,0.967864,213,4.99788,2658.86,40.76
C1821,214,0.271028,-0.517241,0.282051,5,1.737013,33,0.041992,0,0.5,1.0,0.971429,0.386003,0.794712,214,4.0003,2118.21,32.47
C1823,215,0.604651,0.0,-0.223529,37,1.88284,71,0.050537,0,0.666667,1.0,1,0.644123,0.966184,215,3.00272,1582.58,24.26
C1825,216,0.37963,-0.219512,-0.223881,13,1.755,44,0.04834,0,0.5,0.930556,0.980952,0.442665,0.969873,216,4.0003,2098.59,32.17
C1827,218,0.568807,-0.032258,-0.212766,47,2.668229,72,0.048828,0,1.0,0.990826,0.996429,0.933312,0.94533,218,4.0003,2079.34,31.87
C1829,221,0.425339,-0.021277,0.023622,22,2.201993,59,0.05249,0,0.75,1.0,0.995918,0.699015,0.93584,221,4.0003,2051.11,31.44
C1831,221,0.574661,0.102362,-0.021277,28,1.550877,73,0.051025,0,0.75,0.941176,1,0.669719,0.948768,221,4.0003,2051.11,31.44
C1833,223,0.466368,0.096154,0.12605,18,1.49832,69,0.052002,0,0.75,1.0,0.955102,0.638314,0.891094,223,7.99062,4060.37,62.24
C1835,223,0.578475,-0.03876,-0.234043,38,2.039961,74,0.05127,0,0.666667,0.973094,0.994286,0.608281,0.943039,223,3.00272,1525.81,23.39
C1837,223,0.524664,-0.076923,-0.396226,29,1.900941,74,0.046387,0,0.75,1.0,0.995918,0.557169,0.745937,223,4.0003,2032.72,31.16
C1839,223,0.403587,-0.044444,0.037594,23,2.537853,61,0.05127,0,0.857143,1.0,0.989011,0.796979,0.94014,223,6.99304,3553.45,54.47
C1841,224,0.375,-0.142857,-0.014286,14,1.814815,39,0.050537,0,0.666667,1.0,0.990476,0.647615,0.980764,224,4.0003,2023.64,31.02
C1843,224,0.638393,0.174825,0.135802,46,2.079096,74,0.048096,0,0.8,0.848214,0.980952,0.620918,0.932805,224,4.99788,2528.29,38.76
C1845,225,0.493333,-0.207207,-0.035088,27,2.060719,60,0.050293,0,0.833333,1.0,0.987013,0.778012,0.945899,225,5.99546,3019.46,46.28
C1847,225,0.573333,-0.302326,-0.083333,30,1.785714,59,0.05249,0,0.833333,1.0,0.97381,0.762938,0.940148,225,5.99546,3019.46,46.28
C1849,225,0.542222,0.032787,-0.029126,28,1.694915,75,0.052734,0,1.0,0.84,0.92987,0.376862,0.482482,225,6.4568,3251.8,49.85
C1851,226,0.641593,-0.006897,-0.185185,46,1.97793,74,0.048828,0,1.0,1.0,1,0.915474,0.915474,226,4.99788,2505.92,38.41
C1853,226,0.588496,-0.172932,0.11828,29,1.527739,75,0.049561,0,0.5,1.0,0.995238,0.467188,0.938847,226,4.0003,2005.73,30.75
C1855,228,0.421053,-0.083333,-0.272727,17,1.694056,48,0.050049,0,0.666667,0.942982,0.971429,0.485796,0.795482,228,3.00272,1492.34,22.88
C1857,229,0.467249,-0.065421,-0.131148,25,2.008772,76,0.05249,0,0.6,1.0,1,0.576686,0.961143,229,4.99788,2473.09,37.91
C1859,229,0.606987,-0.021583,0.155556,49,2.324151,76,0.05249,0,1.0,0.938865,0.985714,0.779952,0.84278,229,4.0003,1979.46,30.34
C1861,229,0.49345,-0.061947,-0.103448,24,1.728302,76,0.051758,0,0.4,0.982533,0.971429,0.367076,0.961476,229,4.99788,2473.09,37.91
C1863,230,0.643478,0.013514,0.097561,50,2.100457,76,0.053711,0,0.666667,1.0,0.994286,0.656827,0.990903,230,3.00272,1479.37,22.68
C1865,231,0.5671,-0.068702,-0.02,39,2.109836,76,0.049072,0,0.6,1.0,0.939286,0.526658,0.9345,231,4.99788,2451.68,37.58
C1867,232,0.538793,0.088,0.158879,28,1.675955,77,0.052734,0,0.5,1.0,0.995238,0.480418,0.965434,232,4.0003,1953.86,29.95
C1869,232,0.543103,0.031746,-0.037736,32,1.872383,77,0.051025,0,0.75,0.991379,0.942857,0.628426,0.896411,232,11.9809,5851.84,89.7
C1871,235,0.67234,-0.075949,0.220779,55,2.082998,78,0.051758,0,0.75,0.885106,0.991837,0.489691,0.743747,235,4.0003,1928.92,29.57
C1873,236,0.495763,-0.264957,-0.042017,34,2.521684,78,0.052979,0,0.8,0.961864,0.948571,0.431782,0.591549,236,4.99788,2399.73,36.79
C1875,240,0.445833,-0.102804,-0.172932,25,2.118644,79,0.05542,0,0.777778,1.0,0.984874,0.547396,0.714604,240,8.98821,4243.76,65.05
C1877,243,0.419753,-0.294118,-0.007092,16,1.636364,80,0.056152,0,1.0,1.0,0.988095,0.780539,0.789943,243,5.99546,2795.8,42.86
C1879,243,0.283951,-0.478261,0.195402,7,1.852941,26,0.052246,0,0.75,1.0,0.995918,0.180132,0.24116,243,4.0003,1865.42,28.59
C1881,244,0.303279,-0.405405,0.247059,6,1.27972,51,0.050293,0,0.333333,0.872951,0.992857,0.284791,0.985761,244,5.99546,2784.34,42.68
C1883,245,0.522449,0.078125,0.042735,34,2.04618,45,0.057861,0,0.6,1.0,0.996429,0.41994,0.702408,245,4.99788,2311.58,35.43
C1887,247,0.582996,0.097222,0.048544,47,2.260759,39,0.052979,0,0.833333,0.97166,0.994805,0.764185,0.948697,247,5.99546,2750.52,42.16
C1889,253,0.525692,-0.112782,0.0,33,1.912277,43,0.058838,0,0.666667,1.0,0.992381,0.60616,0.91622,253,8.98821,4025.7,61.71
C1891,253,0.667984,0.136095,0.095238,61,2.202197,84,0.051025,0,0.857143,1.0,0.926531,0.744819,0.937859,253,6.99304,3132.1,48.01
C1893,256,0.667969,-0.076023,0.176471,58,2.042928,85,0.057617,0,0.75,0.773438,0.991837,0.567685,0.986689,256,4.0003,1770.69,27.14
C1895,257,0.525292,0.051852,-0.016393,35,1.979533,26,0.058594,0,0.5,0.976654,1,0.449157,0.919788,257,4.0003,1763.8,27.04
C1897,258,0.492248,-0.181102,-0.083969,31,2.050769,68,0.059326,0,0.857143,0.910853,0.989011,0.620397,0.803465,258,6.99304,3071.4,47.08
C1899,261,0.517241,0.022222,0.015873,32,1.833992,56,0.061035,0,0.5,0.996169,0.971429,0.458726,0.948068,261,5.99546,2602.98,39.9
C1901,261,0.471264,-0.170732,0.101449,30,2.132353,39,0.059814,0,0.8,1.0,0.993651,0.756896,0.952165,261,4.99788,2169.87,33.26
C1905,263,0.536122,0.29078,0.04918,51,2.947912,78,0.057617,0,0.714286,0.988593,0.964286,0.440411,0.646789,263,6.99304,3013.0,46.19
C1907,268,0.518657,0.021583,0.03876,38,2.109362,68,0.062256,0,0.666667,1.0,1,0.583923,0.875885,268,5.99546,2535.0,38.86
C1909,269,0.598513,-0.080745,0.018519,61,2.548773,80,0.060791,0,0.6,0.962825,0.935714,0.280837,0.519533,269,4.99788,2105.34,32.27
C1911,270,0.57037,0.051948,-0.051724,45,2.054795,90,0.062256,0,0.75,1.0,0.995918,0.701552,0.939237,270,4.0003,1678.87,25.74
C1915,274,0.423358,-0.172414,-0.012658,21,1.762868,41,0.062012,0,0.75,1.0,0.995918,0.711774,0.952922,274,4.0003,1654.36,25.36
C1917,275,0.563636,-0.109677,0.016667,41,1.900067,91,0.062744,0,0.6,1.0,0.869643,0.486752,0.932858,275,9.98579,4114.71,63.07
C1919,276,0.637681,-0.034091,0.36,47,1.677052,92,0.059326,0,0.75,0.862319,0.995918,0.633344,0.983302,276,4.0003,1642.38,25.18
C1921,277,0.584838,0.0,0.078261,43,1.815424,92,0.063721,0,0.571429,1.0,0.942857,0.520381,0.965858,277,6.99304,2860.72,43.85
C1923,279,0.663082,0.102703,-0.148936,59,1.944366,92,0.060303,0,0.666667,1.0,0.997143,0.632211,0.951034,279,5.99546,2435.05,37.33
C1925,281,0.622776,-0.142857,0.09434,51,1.9108,93,0.0625,0,0.6,1.0,0.985714,0.578286,0.977779,281,4.99788,2015.44,30.89
C1927,288,0.482639,-0.266187,-0.020134,32,2.053476,95,0.062256,0,0.833333,0.951389,0.966667,0.688892,0.898871,288,5.99546,2358.95,36.16
C1929,291,0.532646,-0.109677,0.014706,37,1.814459,56,0.063721,0,0.6,0.958763,0.992857,0.429113,0.751316,291,4.99788,1946.18,29.83
C1931,294,0.506803,0.006711,0.02069,40,2.118919,98,0.066406,0,1.0,0.986395,0.989286,0.946508,0.969955,294,4.0003,1541.82,23.63
C1933,296,0.631757,-0.229947,0.119266,55,1.966184,98,0.067383,0,1.0,0.780405,0.97381,0.240962,0.317069,296,5.99546,2295.2,35.18
C1935,304,0.555921,0.065089,0.096296,42,1.795781,100,0.069336,0,0.5,1.0,0.991429,0.405538,0.818088,304,5.99546,2234.8,34.26
C1937,305,0.577049,-0.136364,0.069767,44,1.765789,101,0.067627,0,0.6,0.895082,0.989286,0.526913,0.991751,305,4.99788,1856.84,28.46
C1939,305,0.606557,0.210811,0.1,57,2.126345,101,0.067383,0,1.0,0.914754,0.993878,0.894275,0.983634,305,6.99304,2598.1,39.83
C1941,307,0.547231,0.059524,-0.266187,47,2.052197,101,0.068359,0,1.0,0.908795,0.992857,0.854562,0.94709,307,4.0003,1476.53,22.63
C1943,308,0.62987,-0.206186,0.140351,54,1.846154,102,0.068359,0,0.714286,0.896104,0.919048,0.57307,0.97418,308,6.99304,2572.79,39.44
C1945,329,0.629179,-0.024155,0.147541,65,1.997478,109,0.074463,0,0.8,0.857143,0.990476,0.459959,0.677223,329,4.99788,1721.39,26.39
C1947,333,0.582583,0.0,-0.410072,53,1.875757,110,0.066162,0,0.692308,1.0,0.987578,0.628441,0.919166,333,12.9785,4416.42,67.7
C1949,334,0.634731,-0.066038,-0.377049,79,2.358631,110,0.068115,0,0.857143,0.967066,1,0.790164,0.953253,334,7.73175,2623.13,40.21
C1951,335,0.671642,-0.013333,0.127273,77,2.038486,111,0.072266,0,0.888889,1.0,0.993277,0.806803,0.913797,335,8.98821,3040.31,46.6
C1953,342,0.625731,0.018692,-0.15625,71,2.121625,113,0.078369,0,1.0,0.809942,0.995918,0.555397,0.688535,342,6.99304,2317.02,35.52
C1955,346,0.49711,0.023256,0.045977,33,1.544643,111,0.078125,0,0.625,0.959538,0.952041,0.525864,0.921034,346,16.7305,5479.26,83.99
C1957,349,0.561605,0.163265,-0.124183,55,2.05338,111,0.078613,0,0.769231,1.0,0.883516,0.617873,0.909134,349,13.9761,4537.85,69.56
C1959,365,0.536986,-0.020408,0.04142,45,1.710938,121,0.083984,0,0.75,1.0,0.995918,0.724937,0.970544,365,7.99062,2480.72,38.03
C1961,371,0.571429,-0.160377,0.006289,59,1.999543,123,0.078613,0,0.857143,1.0,0.98022,0.521393,0.620567,371,20.9592,6401.62,98.13
C1963,371,0.539084,0.1,0.052632,58,2.173535,72,0.083496,0,0.666667,1.0,0.965714,0.613151,0.95238,371,8.98821,2745.29,42.08
C1965,394,0.652284,0.003891,0.19708,88,2.099806,131,0.08252,0,0.875,1.0,0.99619,0.853677,0.979362,394,7.99062,2298.13,35.23
C1967,397,0.627204,-0.100402,-0.162162,83,2.147484,132,0.084473,0,0.714286,0.921914,0.96044,0.609417,0.963566,397,6.99304,1996.02,30.6
C1969,406,0.337438,-0.474453,0.137546,17,1.89824,33,0.087402,0,0.8,1.0,0.960204,0.708545,0.922389,406,14.9737,4179.19,64.06
C1971,408,0.566176,0.073593,0.231638,70,2.152547,116,0.092773,0,0.857143,0.860294,0.997802,0.698812,0.949764,408,6.99304,1942.21,29.77
C1973,416,0.420673,0.188571,0.236515,37,2.084507,102,0.091064,1,0.714286,0.939904,0.990476,0.246764,0.371093,416,6.64578,1810.26,27.75
C1977,495,0.523232,0.081081,0.118644,75,2.228391,87,0.100098,0,0.71875,1.0,0.937438,0.621269,0.92206,495,31.9326,7310.01,112.05
C1979,506,0.634387,0.009346,0.351351,110,2.160882,168,0.0979,0,0.916667,0.93083,0.976398,0.647578,0.777291,506,11.9809,2683.06,41.13
C1981,533,0.581614,-0.032258,-0.004484,73,1.621208,177,0.101318,0,0.769231,0.954972,0.940864,0.603825,0.873649,533,25.9471,5516.33,84.56
C1983,551,0.212341,0.316239,-0.032258,15,2.683442,27,0.091064,0,0.860465,1.0,0.987263,0.751472,0.884599,551,42.906,8823.79,135.26
C1985,597,0.549414,0.036585,-0.048327,68,1.511392,198,0.119141,0,0.727273,1.0,0.970068,0.522818,0.741056,597,10.9834,2084.73,31.96
C1987,635,0.277165,-0.454545,0.254902,14,1.44694,139,0.107178,0,0.84375,1.0,0.983607,0.729299,0.87876,635,31.9326,5698.35,87.35
C1989,696,0.54023,0.037234,0.1625,98,1.932512,142,0.142822,0,0.825,1.0,0.971429,0.765341,0.95497,696,39.9132,6498.26,99.61
C1991,777,0.657658,0.142857,-0.120301,158,1.919779,259,0.147217,0,0.75,1.0,0.96044,0.690156,0.958111,777,35.9229,5238.89,80.31
C1993,787,0.566709,-0.053812,0.13783,136,2.158556,238,0.163574,0,0.866667,1.0,0.969458,0.833965,0.992583,787,14.9737,2155.97,33.05
C1995,818,0.515892,-0.042654,-0.025253,96,1.767057,153,0.170654,0,0.888889,1.0,0.987395,0.867007,0.987835,818,17.9664,2488.85,38.15
C1997,1130,0.586726,-0.040724,-0.130621,181,1.864279,352,0.213135,0,0.857143,1.0,0.965966,0.772638,0.93317,1130,69.8407,7003.56,107.36
C1999,1664,0.307692,0.375,-0.262153,60,1.772727,115,0.232666,0,0.920213,0.982572,0.977327,0.720747,0.815624,1664,187.555,12772.2,195.78
